repo_name,refactors
0xAX/emacs,139
1200wd/bitcoinlib,51
20tab/UnrealEnginePython,45
24eme/giilda,4
2Abendsegler/GClh,63
3-form/ceilings,24
A-l-y-l-e/Alyle-UI,79
ACP3/cms,89
AOSC-Dev/aosc-os-abbs,59
ARMmbed/mbed-os,856
AVSystem/scala-commons,119
AZURECITADEL/azurecitadel.github.io,54
AdaptiveConsulting/ReactiveTraderCloud,194
AdoptOpenJDK/openjdk-build,31
AladW/aurutils,90
AlandSailingRobots/sailingrobot,37
AlbrechtL/welle.io,83
AlexandreBERGIA/LivrOr_V4,57
Allors/allors2,22
AllureOfTheStars/Allure,69
Alveo/alveo-transcriber,124
AmericasWater/awash,29
AmpersandTarski/ampersand,183
AnSyn/ansyn,154
AnalyticalGraphicsInc/cesium,346
AnhNhan/discord-buddy-bot,18
AnoopAlias/XtendWeb,17
AntennaPod/AntennaPod,95
Antergos/Cnchi,79
Anveio/mturk-engine,150
AppStateESS/stories,78
Apretaste/Core,30
Aptoide/aptoide-client-v8,419
ArnaudBuchholz/gpf-js,106
Arvtesh/UnityFx.Async,84
AscEmu/AscEmu,202
AtsushiSakai/PythonRobotics,34
AutomatedLab/AutomatedLab,64
Automattic/wp-calypso,1318
Automattic/wp-e2e-tests,104
AvaloniaUI/Avalonia,279
Azure/azure-quickstart-templates,193
Azure/azure-sdk-for-node,64
Bandwidth/shared-components,48
Bang3DEngine/BangEditor,77
BathHacked/energy-sparks,124
BelledonneCommunications/linphone-iphone,34
BioContainers/containers,6
BirkbeckCTP/janeway,18
BjerknesClimateDataCentre/QuinCe,47
Blockrazor/blockrazor,109
BoldGrid/boldgrid-theme-framework,48
Brightspace/brightspace-integration,30
Broadcom/dpdk,296
BryanApellanes/Bam.Net,136
BunqCommunity/BunqDesktop,161
Bytom/bytom,144
CA-IRIS/mn-iris,118
CESNET/libyang,68
CNG/dotfiles,5
COMBINE-lab/salmon,36
CSIS-iLab/cpower-viz,19
CZ-NIC/knot-resolver,181
CZ-NIC/turris-os,24
CZagrobelny/new_sanctuary_asylum,56
CanalTP/navitia,150
CanonicalLtd/subiquity,81
CapsAdmin/goluwa,104
CaptainFact/captain-fact-frontend,46
CartoDB/CartoDB-SQL-API,98
CharlBest/nean-stack-starter,60
CharlotteDunois/Yasmin,46
Chatie/wechaty,109
ChristophWurst/krankerl,44
Clinical-Genomics/scout,76
CobwebOrg/cobweb-django,58
Cognifide/AET,126
Cognifide/gradle-aem-plugin,94
CognizantOneDevOps/Insights,38
ColinIanKing/stress-ng,139
CommandPost/CommandPost,139
CompassionCH/compassion-switzerland,74
Connections-Business-Directory/Connections,49
Contraz/demosys-py,74
CroissanceCommune/autonomie,60
Cxbx-Reloaded/Cxbx-Reloaded,300
DBCDK/content-first,65
DGA-MI-SSI/YaCo,118
DISTORTEC/distortos,107
DamienCassou/emacs.d,47
DarklightGames/DarkestHour,131
DashboardHub/PipelineDashboard,38
DeDiS/cothority,135
DemocraciaEnRed/vicentelopez,2
DemocracyEarth/sovereign,30
DemocracyLab/CivicTechExchange,81
DestinyItemManager/DIM,286
DiligentGraphics/DiligentCore,91
Doctoror/ParticleConstellationsLiveWallpaper,107
DonJayamanne/pythonVSCode,113
EBIBioSamples/biosamples-v4,101
EBWiki/EBWiki,110
EMBL-EBI-SUBS/subs-api,61
EddyVerbruggen/nativescript-plugin-firebase,47
EducationalTestingService/rsmtool,73
ElucidataInc/ElMaven,112
ElvisResearchGroup/L42,37
EmmyLua/IntelliJ-EmmyLua,55
End-to-end-provenance/RDataTracker,121
Ensembl/ensembl-compara,104
Ensembl/ensembl-webcode,77
EscherLabs/Graphene,56
Evolveum/midpoint,363
ExpediaDotCom/haystack-ui,147
Expensify/Bedrock,72
FINRAOS/herd,44
FTSRG/ingraph,124
FertigLab/CoGAPS,41
File-New-Project/EarTrumpet,106
FoalTS/foal,173
FoglyOgly/Meowth,22
Freemius/wordpress-sdk,119
FriendsOfPHP/PHP-CS-Fixer,95
FundRequest/platform,61
GCModeller-Cloud/php-dotnet,96
GMOD/jbrowse,122
GNOME/dconf-editor,73
GNOME/devhelp,103
GNOME/glib,203
GNOME/gnome-music,151
GNOME/vala,57
GeoNet/delta,8
GetAmbassador/react-ions,17
GetStream/Winds,247
GiovanniBussi/test-travis-ci,46
GitSquared/edex-ui,19
GlobalDigitalLibraryio/book-api,41
GlukKazan/Dagaz,1
GoogleChromeLabs/ProjectVisBug,36
GoogleCloudPlatform/magic-modules,86
GoogleCloudPlatform/training-data-analyst,64
GovReady/govready-q,62
Gr8z/Legend-Cogs,20
Graylog2/graylog2-server,101
GridProtectionAlliance/gsf,46
GrottoPress/jentil,136
Grumbel/dirtool,186
Hack23/cia,629
Hains/openpli-dm8000-oe-core,90
Harrix/Harrix-Html-Template,121
Hiroto-K/Anime-push,36
Hiroto-K/blog,57
Homebrew/brew,362
Homebrew/homebrew-core,596
HumanExposure/factotum,133
IBMStreams/streamsx.topology,105
ILSCeV/Lara,45
ISO-tech/sw-d8,111
Icinga/icingaweb2-module-director,68
Implem/Implem.Pleasanter,86
InfernoEngine/engine,20
InnovateUKGitHub/innovation-funding-service,1255
InseeFr/Eno,50
IntegratedAlarmSystem-Group/ias,166
IntegratedAlarmSystem-Group/ias-webserver,68
Intel-Media-SDK/MediaSDK,137
IntelLabs/hpat,174
IshentRas/cookbook-openshift3,23
ItsCalebJones/SpaceLaunchNow-Server,27
JMRI/EngineDriver,47
JavaEden/Orchid,75
Jedisjeux/Jedisjeux,122
Jeffail/benthos,81
JetBrains/intellij-scala,453
JetBrains/resharper-unity,228
Jguer/yay,115
JiHong88/SunEditor,17
John-Leitch/Aphid,163
JohnSnowLabs/spark-nlp,129
JuliaGPU/CUDAnative.jl,88
JuliaReach/Reachability.jl,88
K-Fet/K-App,43
KC3Kai/KC3Kai,55
KeldorKatarn/OpenTTD_PatchPack,55
KhronosGroup/SPIRV-Cross,51
KhronosGroup/SPIRV-Tools,150
LBNL-UCB-STI/beam,433
LGoodacre/context-sequencer,60
LLK/scratch-blocks,85
LandOfTheRair/landoftherair,82
LightningNetwork/lnd,275
LogicalDash/LiSE,70
LogtalkDotOrg/logtalk3,108
LorittaBot/Loritta,43
LouisCAD/Splitties,148
LuccaSA/lucca-front,81
MDAnalysis/mdanalysis,88
MHSCSClub/MHSAlumDB,6
MRChemSoft/mrchem,58
ManiacalLabs/BiblioPixel,124
ManifoldScholar/manifold,101
MarxMustermann/OfMiceAndMechs,146
MassDistributionMedia/rc-ca-blinds,722
McMartin/FRUT,104
MedShake/MedShakeEHR-base,15
MerryMage/dynarmic,121
MesserLab/SLiM,66
MethodicalAcceleratorDesign/MAD,566
Michael2109/cobalt,81
Microsoft/PTVS,198
Microsoft/hcsshim,64
Microsoft/pxt,132
MiczFlor/RPi-Jukebox-RFID,45
MineLittlePony/MineLittlePony,87
MinnPost/minnpost-wordpress,14
Mirantis/virtlet,52
MishkaRogachev/JAGCS,86
MorganGeek/bookmarks,12
MoveOnOrg/mop-frontend,128
Multiscale-Genomics/mg-process-fastq,87
MyEtherWallet/MyEtherWallet,247
NCI-Agency/anet,259
NMGRL/pychron,59
NativeScript/android-runtime,62
Neamar/KISS,86
NeblioTeam/neblio,72
Netflix/lemur,24
NewSpring/Apollos,69
Normation/rudder-packages,12
OCA/account-financial-tools,12
OCA/sale-workflow,10
OCSInventory-NG/OCSInventory-ocsreports,26
OGRECave/ogre,178
ORNL-CEES/DataTransferKit,71
OceanPARCELS/parcels,90
OmicsDI/ddi-web-app,57
OntimizeWeb/ontimize-web-ngx,54
OpenBazaar/openbazaar-go,168
OpenBfS/lada-client,43
OpenCollective/opencollective-api,154
OpenDreamKit/OpenDreamKit.github.io,16
OpenGeoscience/geojs,60
OpenLiberty/open-liberty,606
OpenSID/OpenSID,9
OpenSlides/OpenSlides,54
OpenVidu/openvidu,18
Or3stis/apparatus,67
OxfamFairTrade/oftc,4
PDOK/data.labs.pdok.nl,72
PDXFinder/pdxfinder,99
PECE-project/drupal-pece,30
PMEAL/OpenPNM,141
PRX/Infrastructure,60
PanDAWMS/panda-bigmon-core,34
PapirusDevelopmentTeam/papirus-icon-theme,18
Paratii-Video/paratiisite,9
PayBreak/basket,99
PenguinF/sandra-three,225
PhantomBot/PhantomBot,33
PopulateTools/gobierto,205
ProteinsWebTeam/interpro7-client,109
PureSwift/Bluetooth,157
PyCQA/pylint,76
QEF/q-e_schrodinger,80
QoboLtd/cakephp-csv-migrations,129
QuantConnect/Lean,329
RNAcentral/rnacentral-webcode,87
ROBOTIS-GIT/OpenCR,18
ROBOTIS-GIT/emanual,120
RT-Thread/rt-thread,69
RailsEventStore/rails_event_store,237
RectorPHP/Rector,342
RetroShare/RetroShare,115
Ribtoks/xpiks,155
RigsOfRods/rigs-of-rods,305
Riverscapes/pyBRAT,40
RoboJackets/apiary,73
RolandKujundzic/rkphplib,35
SKA-ScienceDataProcessor/integration-prototype,128
SMRUCC/GCModeller,328
SSEHUB/EASyProducer,87
SUNET/eduid-webapp,40
SUSE/DeepSea,76
Samourai-Wallet/samourai-wallet-android,65
SatelliteQE/robottelo,35
Scan-o-Matic/scanomatic,105
SciCatProject/catanie,121
ScorexFoundation/sigmastate-interpreter,230
Seklfreak/Robyul2,130
ServUO/ServUO,86
SickGear/SickGear,35
SickRage/SickRage,81
SimonBiggs/scriptedforms,39
SleepyTrousers/EnderIO,194
SnowdogApps/magento2-alpaca-theme,60
Softmotions/iowow,35
SoftwareHeritage/puppet-swh-site,58
Sometrik/framework,145
SonarSource/sonarqube,266
Sp2000/colplus-backend,75
SpinVR/three.js,514
StackStorm/st2,250
StadGent/fractal_styleguide_gent-base,119
StamusNetworks/scirius,53
StefReck/Km3-Autoencoder,30
Stellarium/stellarium,72
StevenBlack/hosts,7
StraboSpot/strabo-mobile,38
SuperTux/supertux,388
SusanDoggie/Doggie,28
SwiftStudies/OysterKit,102
Sylius/Sylius,142
Symantec/Dominator,59
SymbiFlow/prjxray,119
SymbiFlow/symbiflow-arch-defs,170
TUD-OS/M3,92
Talend/data-prep,92
Tarsnap/tarsnap-gui,90
Taskana/taskana,85
TechEmpower/FrameworkBenchmarks,152
Tendrl/commons,9
TeselaGen/openVectorEditor,48
TheBastionBot/Bastion,261
TieDyedDevil/K,234
TobitSoftware/chayns-components,49
TradeMe/tractor,37
TravelModellingGroup/XTMF,96
TzuChieh/Photon-v2,105
UH-StudentServices/mystudies-myteaching-backend,40
UPDDI/mps-database-server,111
Ultimaker/Cura,695
Ultimaker/Uranium,130
UniversalDependencies/tools,33
VoltDB/voltdb,87
WLOGSolutions/RSuite,38
WPGlobus/WPGlobus,47
WSULib/combine,83
Wandalen/wFiles,72
Wandalen/wTools,43
Watson-Personal-Assistant/developer,11
WhareHauora/wharehauora-server,46
WikiEducationFoundation/WikiEduDashboard,297
WoWAnalyzer/WoWAnalyzer,712
XavCC/xavcc.github.io,23
Yubico/yubikey-manager,140
Yubico/yubikey-manager-qt,142
YunoHost/yunohost,75
ZencashOfficial/arizen,37
ZeroK-RTS/Zero-K,92
ZeroK-RTS/Zero-K-Infrastructure,27
Zhong-Lab-UCSD/Genomic-Interactive-Visualization-Engine,39
ZhonganTechENG/zarm,114
acidrainstudios/TrueReality,145
acorg/acmacs-map-draw,25
adamcharnock/lightbus,97
adamtheturtle/vws-python,110
adrian-lang/adrian,78
advancedresearch/path_semantics,4
africanmathsinitiative/R-Instat,78
airbornemihir/turbo-octo-sniffle,100
airslie/renalware-core,92
akrherz/iem,49
akvo/akvo-rsr,108
alchemy-fr/Phraseanet,42
aleju/imgaug,175
alibaba/canal,24
allthings/elements,16
alpha-unito/PiCo,85
alphagov/finder-frontend,26
alphagov/notifications-admin,208
alphagov/rummager,37
alphagov/smart-answers,31
altair-viz/altair,78
amient/affinity,80
ampproject/amphtml,625
anaseto/boohu,129
anchore/anchore-engine,95
angular/angular-devkit-core-builds,99
angular/compiler-builds,186
angular/compiler-cli-builds,187
angular/core-builds,186
angular/forms-builds,186
angular/http-builds,186
angular/platform-browser-builds,186
angular/platform-browser-dynamic-builds,185
angular/platform-server-builds,186
angular/platform-webworker-builds,186
angular/platform-webworker-dynamic-builds,186
angular/router-builds,186
angular/schematics-schematics-builds,88
angular/schematics-update-builds,88
angular/upgrade-builds,186
anlaneg/dpdk,913
ant-design/ant-design,141
antest1/kcanotify,29
antihax/evedata,68
apache/jackrabbit-oak,136
apache/spark,523
apereo/cas,375
apigee/apigee-edge-drupal,186
apmechev/GRID_LRT,52
apollographql/apollo-client,92
apple/swift,2631
apple/swift-package-manager,87
apurtell/hbase,150
architecture-building-systems/CityEnergyAnalyst,262
arescentral/antares,162
arianne/stendhal,222
aspnetboilerplate/aspnetboilerplate,104
atom/github,313
audiokit/AudioKit,169
autoserver-org/autoserver,245
avocado-framework/avocado-vt,96
aws/aws-sdk-php,11
awsdocs/aws-doc-sdk-examples,35
axkr/symja_android_library,257
azdanov/azdanov.github.io,119
baomidou/mybatis-plus,9
bazelbuild/bazel,1304
bazelbuild/rules_apple,95
bazurbat/jagen,131
bbfrederick/rapidtide,127
bcgov/hets,177
bcvsolutions/CzechIdMng,68
bdezonia/zorbage,225
be-lb/sdi-clients,25
beautify-web/js-beautify,53
beeldengeluid/labo-components,49
belathus/Wanderlust-Renewed,28
benkuper/Chataigne,34
benwbrum/fromthepage,26
berkmancenter/mediacloud,185
betaflight/betaflight-configurator,36
bgd-point/point-app-test,14
binary-com/binary-static,611
bioconda/bioconda-recipes,195
biothings/biothings.api,78
bitpay/copay,225
bitsoko-services/bits,3
bitwarden/web,22
bjadamson/BoomHS,258
bkimminich/juice-shop,151
blakearchive/archive,1
blevesearch/bleve,192
blinksh/blink,115
blynkkk/blynk-server,190
bobintetley/asm3,68
bokeh/bokeh,107
brainstorm-tools/brainstorm3,62
briannesbitt/Carbon,56
brltty/brltty,169
brython-dev/brython,110
bstarynk/bismon,127
btccom/btcpool,96
btcpayserver/btcpayserver,124
buddhi1980/mandelbulber2,87
buffer/thug,164
buildaworldnet/IrrlichtBAW,58
buzsakilab/buzcode,21
bvcms/bvcms,63
cBioPortal/cbioportal,72
cBioPortal/cbioportal-frontend,169
cacheflowe/haxademic,108
cadpage/cadpage-parsers,13
camdram/camdram,79
camsys/transam_core,101
camsys/transam_transit,161
cars10/elasticvue,68
carsenk/denarius,33
ccomeaux/boardgamegeek4android,148
cdrobey/puppet-repo,74
cds-snc/digital-canada-ca,17
centreon/centreon,121
chocolate-doom/chocolate-doom,266
chrislusf/seaweedfs,72
cilium/cilium,709
cinava/order-lab,32
cirosantilli/linux-kernel-module-cheat,85
cisco-system-traffic-generator/trex-core,45
cismet/wupp-geoportal3-powerboats,26
cityofasheville/simplicity2,63
clappr/clappr-ios,205
cleanflight/cleanflight-configurator,36
cloudera/Impala,117
cloudfoundry/cli,262
cloudmesh/book,90
cnrv/home,12
codebar/planner,52
codeenigma/deployments,57
codeontap/gen3,75
commsy/commsy,40
compas-dev/compas,68
compbiomed/celda,95
compsocialscience/summer-institute,21
conan-io/conan,168
concord-consortium/rigse,117
conda-forge/conda-smithy,34
consul/consul,386
coq/opam-coq-archive,10
coreboot/coreboot,739
couchbase/ns_server,314
craws/OpenAtlas,60
create3000/x_ite,33
crowdAI/crowdai,67
cucumber/cucumber,90
cutec-chris/promet-erp,12
cwi-dis/igor,51
cylc/cylc,97
cynicaloptimist/improved-initiative,223
d12frosted/environment,91
d3fc/d3fc,9
dafer45/TBTK,106
dan-cristian/haiot,62
danger/danger-js,59
danliris/dl-module,7
danmar/cppcheck,477
darglein/saiga,60
dart-lang/angular_components,126
data2viz/data2viz,197
databrary/databrary,247
datawire/ambassador,153
datosgobar/portal-andino,2
davidkpiano/xstate,78
davidmerfield/Blot,208
deanoemcke/thegreatsuspender,136
debops/debops,86
decaf-emu/decaf-emu,103
deep-cover/deep-cover,85
deeponion/deeponion,32
demisto/content,158
denispelli/NoiseDiscrimination,65
department-of-veterans-affairs/vets-website,346
devinschulz/blog,30
devtools-html/debugger.html,164
dials/dials,155
digimezzo/Dopamine,51
digitalocean/netbox,89
djjudas21/photography-database,60
dmf463/VRPoker,12
dmtrKovalenko/material-ui-pickers,60
dolanmiu/docx,59
domob1812/huntercore,307
dot-bob/Marlin-Duplicator-6,242
dotnet/roslyn,1269
dpressel/baseline,78
dreal/dreal4,75
droundy/deft,55
drupal/drupal,151
dsh2/dotfiles,47
dsherret/ts-simple-ast,126
dthain/basekernel,108
dutchcoders/marija-web,134
dwavesystems/dimod,104
e-gun/HipparchiaServer,47
eMoflon/emoflon-ibex,159
eaciit/windapp,22
eaplatanios/tensorflow_scala,131
easypcceo/easypcceo.github.io,7
ebi-uniprot/QuickGOBE,85
ebraminio/DroidPersianCalendar,155
ec-europa/joinup-dev,207
eciis/web,296
edenlabllc/ehealth.api,107
education/classroom,87
edwardspec/mediawiki-moderation,95
edx/edx-platform,286
eerimoq/asn1tools,126
ehcache/ehcache3,55
eirannejad/pyRevit,150
ekoontz/babel,147
elabftw/elabftw,40
electric-cloud/EC-JBoss,22
electric-cloud/EC-WebSphere,37
electron/electron,394
elix/elix,104
ello/webapp,51
elnormous/ouzel,329
emacs-ess/ESS,155
emacs-mirror/emacs,578
embree/embree,201
endeavourhealth/EDS,61
epam/DLab,132
epu-ntua/bdo_platform,18
eranif/codelite,96
erlang/otp,525
erxes/erxes,457
espressif/ESP8266_RTOS_SDK,191
este/este,123
ethereum/ethereumj,74
ethereum/go-ethereum,199
expertiza/expertiza,78
f1nalspace/final_game_tech,71
fabiocolacio/Marker,39
fable-compiler/Fable,70
facebook/flow,545
facebook/infer,350
factor/factor,105
fake-name/ReadableWebProxy,24
fastai/fastai,286
feathersjs/feathers,25
fedspendingtransparency/data-act-build-tools,46
fetus-hina/stat.ink,16
firebase/firebase-js-sdk,99
fitpay/fitpay-ios-sdk,139
fjalvingh/domui,75
fkeglevich/Raw-Dumper,102
fkie-cad/FACT_core,223
flarum/core,114
flowable/flowable-engine,216
fluent/fluentd-ui,96
fluentmigrator/fluentmigrator,59
fogbeam/cas_mirror,375
foodcoopshop/foodcoopshop,80
forcedotcom/salesforcedx-vscode,40
forkcms/forkcms,77
formio/formio.js,93
fourtf/chatterino2,219
fractalide/fractalide,61
fragforce/fragforce.org,12
frappe/erpnext,336
frappe/frappe,211
freeciv/freeciv,97
frida/glib,135
frida/vala,25
fsharp/fsharp,137
fthomas/refined,56
fujicoin/electrum-fjc,112
gabime/spdlog,77
gabyx/ExecutionGraph,85
gamejolt/gamejolt,29
gatling/gatling,70
gatsbyjs/gatsby,409
gcanti/fp-ts,71
gem/oq-engine,789
geneontology/go-site,15
geneweb/geneweb,33
genialis/resolwe-bio,38
genonbeta/TrebleShot,56
gentics/mesh,45
getredash/redash,124
getsentry/sentry-docs,44
gg-net/dwoss,71
gher-ulg/divand.jl,57
ghiscoding/Angular-Slickgrid,168
gift-surg/GIFT-Grab,62
gisma/uavRst,33
git-cola/git-cola,173
gitbucket/gitbucket,49
github-for-unity/Unity,139
github/VisualStudio,378
github/orchestrator,47
gitlabhq/gitlabhq,2542
globbie/knowdy,103
gnu-mcu-eclipse/openocd,104
gobuffalo/buffalo,81
goby-lang/goby,137
gocd/gocd,425
gocd/www.go.cd,18
gonicus/gosa,27
google/closure-compiler,471
google/data-transfer-project,139
google/gapid,223
google/syzkaller,227
google/wuffs,169
googleapis/google-cloud-dotnet,160
googleapis/google-cloud-ruby,73
goreleaser/goreleaser,90
gpac/gpac,36
graknlabs/grakn,206
greenkeeperio/greenkeeper,61
greenriver/boston-cas,34
gregoil/rotest,28
gregr/ina,125
gregsaun/prusa_i3_bear_upgrade,62
gregsdennis/Manatee.Trello,23
groue/GRDB.swift,180
grow/grow,30
grpc/grpc,527
h2o/h2o,117
hande-qmc/hande,31
hardbyte/python-can,69
hashicorp/nomad,335
hashicorp/vault,188
hawkrives/gobbldygook,154
heinrichschiller/heinerCMS,92
hellohaptik/chatbot_ner,83
hep-gc/cloudscheduler,192
heptio/ark,65
heyui/heyui,108
hhkaos/awesome-arcgis,38
highfidelity/hifi_tests,78
hioa-cs/IncludeOS,123
hirakuni45/glfw3_app,63
hiro0218/kiku-theme,34
hlcfan/pokr,33
hluk/CopyQ,47
hmrc/amls-frontend,259
hmrc/assets-frontend,51
houssine78/addons,38
hughsie/fwupd,96
huiyiqun/check_mk,284
hyperblast/beefweb,112
hyperledger/fabric,413
icescrum/iceScrum,117
ihucos/plash,57
ikaros-project/ikaros,25
ilia3101/MLV-App,49
imGraetzl/im_graetzl,38
imma/ubuntu,45
imperial-genomics-facility/data-management-python,49
indico/indico,217
input-output-hk/cardano-sl,480
input-output-hk/daedalus,349
inspirehep/inspire-next,128
intel-analytics/analytics-zoo,68
inviwo/inviwo,134
ioam/holoviews,55
ipfs/go-ipfs,240
itchio/butler,55
iterami/common,78
iteratec/OpenSpeedMonitor,256
ivosh/jcm2018,121
jaamsim/jaamsim,89
jabber-at/hp,83
jackwasey/icd,81
jaffa-projects/jaffa-framework,40
jam1garner/Smash-Forge,280
jcubic/jquery.terminal,29
jdereus/labman,34
jekyll/jekyll,23
jenkinsci/warnings-plugin,209
jesopo/bitbot,165
jgyates/genmon,49
jherby2k/AudioWorks,158
jkomoros/boardgame,158
jobisoft/TbSync,84
jodogne/OrthancMirror,53
johnbillion/query-monitor,64
johntruckenbrodt/pyroSAR,91
jonfroehlich/makeabilitylabwebsite,23
joomla-projects/media-manager-improvement,292
jopamer/swift,1479
joytou/joytou.github.io,11
jtablesaw/tablesaw,169
jumpserver/luna,1
junkerm/specmate,132
kactus-io/kactus,710
kadena-io/pact,190
kaitamkun/frisktol,41
kalaspuff/tomodachi,21
kaltura/kmc-ng,52
karelzak/util-linux,134
kbase/KBaseSearchEngine,75
kbase/narrative,82
kervinck/gigatron-rom,122
keybase/client,693
keybase/kbfs,130
keyboardio/Kaleidoscope,166
kfowler/emacs,302
khs1994-docker/lnmp,16
kiboit/phast,182
killbill/killbill,77
kiwiirc/kiwiirc,101
kmatheussen/radium,107
kotlintest/kotlintest,60
kovidgoyal/kitty,128
kozistr/Awesome-GANs,33
kriztan/Pix-Art-Messenger,81
kubeflow/kubeflow,115
kubernetes/kubernetes,1725
kubernetes/minikube,69
kubernetes/sample-controller,11
kubernetes/sig-release,21
kulshekhar/ts-jest,56
kutsan/dotfiles,117
kvhnuke/etherwallet,51
kythe/kythe,162
l3tnun/EPGStation,14
lagadic/visp,76
lamastex/scalable-data-science,6
lamsfoundation/lams,106
langurmonkey/gaiasky,83
laredoza/.NetScaffolder,84
lastbackend/lastbackend,26
lastship/plugin.video.lastship,13
lbryio/lbry.io,63
leancloud/docs,71
lede-project/source,670
leegarner-glfusion/paypal,78
legatoproject/legato-af,46
leo-yuriev/libfpta,84
lexus2k/ssd1306,67
liangxiegame/QFramework,36
libMesh/libmesh,165
libgraviton/graviton,56
libocca/occa,67
libopenstorage/openstorage,60
libracore/erpnext,41
libretro/RetroArch,720
libvirt/libvirt,1003
linkedin/WhereHows,198
lino-framework/book,8
linq2db/linq2db,90
linux-test-project/ltp,224
linuxkit/linuxkit,42
liqd/a4-meinberlin,79
liveblog/liveblog,25
livepeer/go-livepeer,96
llir/llvm,49
lnked/react-starter,18
loadimpact/k6,74
lobnek/pyutil,29
locdb/locdb-frend,44
loomio/loomio,46
lostjared/Acid.Cam.v2.OSX,25
lriki/Lumino,16
lsst-sqre/jenkins-dm-jobs,119
lucas-clemente/quic-go,144
lucee/Lucee,33
luci/luci-go,229
luspi/photoqt,101
lxc/lxc,225
malinink/easy-tests,54
mapcentia/vidi,53
mapsplugin/cordova-plugin-googlemaps,23
maqsoftware/maqsoftware,12
marekjm/viuavm,239
mariadb-corporation/mariadb-columnstore-engine,45
marius-wieschollek/passwords,121
marshmallow-code/marshmallow,65
masasam/dotfiles,19
material-components/material-components-android,70
matsp/material-components-vue,53
mattgodbolt/compiler-explorer,131
mattzeunert/FromJS,103
mcansh/blog,36
mdda/deep-learning-workshop,29
meetecho/janus-gateway,84
megalithic/dotfiles,42
meganz/sdk,102
mercadopago/px-android,96
merrillrudd/LIME,26
metasfresh/metasfresh-webui-api,254
metosin/reitit,25
micahflee/onionshare,136
michpolicht/CuteHMI,81
microhh/microhh2,62
midas-isg/digital-commons,56
mikeireland/chronostar,24
miku/span,18
mingzuozhibi/mzzb-ui,79
ministryofjustice/opg-digi-deps-client,212
miraheze/puppet,138
missionpinball/mpf,77
mitmproxy/mitmproxy,74
mitodl/open-discussions,69
mjmlio/mjml,10
mltframework/shotcut,45
mmz-srf/srf-frontend-framework,136
mobxjs/mobx-state-tree,96
moio/sumaform,82
mollie/mollie-api-php,56
molpopgen/fwdpy11,90
mongodb/mongo-php-driver,57
mongodb/mongo-ruby-driver,52
moov-io/ach,56
mopsalarm/Pr0,80
morganbengtsson/mos,97
movim/movim,88
mozilla-iot/gateway,47
mozilla/addons-server,225
mozilla/fxa-content-server,81
mozilla/pdf.js,231
mpcsh/dotfiles,93
mpigsley/sectors-without-number,32
mquinson/po4a,53
mrdoob/three.js,644
mroonga/mroonga,34
mrtyler/gpii-infra,85
mu-editor/mu,59
mujx/nheko,47
muldjord/skyscraper,76
murisi/L2,171
mvysny/vaadin-on-kotlin,53
n2n/rocket,15
nabeelio/phpvms,144
nai888/langua,45
nais/naisd,44
namhyung/uftrace,115
namics/generator-nitro,53
nanoframework/nf-interpreter,118
nansencenter/nansat,60
napatech/dpdk,866
nayutaco/ptarmigan,140
ncw/rclone,89
ndlib/usurper,36
ndrmc/cats-web,32
neinteractiveliterature/intercode,127
nemerosa/ontrack,48
neo4j/neo4j-browser,57
neos/neos-development-collection,98
neowu/core-ng-project,107
nerosketch/djing,51
neutronimaging/imagingsuite,44
nextstrain/augur,116
nextstrain/auspice,94
ngageoint/scale,91
nimble-platform/frontend-service,72
nimona/go-nimona,114
nismod/smif,137
noironetworks/neutron,159
noms-digital-studio/licences,109
nortikin/sverchok,51
novoda/download-manager,150
nozzle/react-static,50
nsnam/ns-3-dev-git,104
ntop/ntopng,221
nunit/nunit,63
nycmeshnet/nycmeshnet.github.io,6
oVirt/ovirt-web-ui,66
oVirt/vdsm,259
oat-sa/extension-tao-testqti,67
obduk/cms,52
objective-audio/ui,16
oci-pronghorn/GreenLightning,82
oestrich/ex_venture,98
offensive-security/kali-arm-build-scripts,57
oilshell/oil,291
oinume/lekcije,61
oliexdev/openScale,115
olifolkerd/tabulator,67
onap-sdc/sdc-ui,23
onedata/oneclient,72
onedata/onepanel,59
onedata/op-worker,308
oors/oors,54
open-campaign-logger/generator-library,65
openacs/openacs-core,296
openbmc/openbmc-test-automation,55
opencart/opencart,21
opencobra/cobratoolbox,116
opencog/atomspace,266
opencog/link-grammar,179
opendaylight/netvirt,115
openego/eDisGo,70
openego/eTraGo,38
openembedded/meta-openembedded,494
openfl/openfl,125
openfoodfoundation/openfoodnetwork,264
opennars/opennars,359
opennode/waldur-homeport,152
openpgpjs/openpgpjs,52
openradiation/openradiation-mobile,66
opensalt/opensalt,142
openshift/openshift-ansible,385
opensim-org/opensim-core,106
opensingular/singular-core,65
openstack/cinder,252
openstack/ironic,134
openstack/kolla,36
openstack/neutron,168
openstack/openstack-ansible,100
openstack/puppet-tripleo,58
openstreetmap/chef,39
openstreetmap/iD,147
openthread/openthread,105
openwrt/openwrt,670
opesci/devito,237
opnfv/functest,86
opnsense/core,273
oppia/oppia,156
orbeon/orbeon-forms,125
orbingol/NURBS-Python,170
orfeotoolbox/OTB,141
ory/hydra,60
osbzr/gooderp_addons,2
osmandapp/osmandapp.github.io,12
owid/owid-grapher,50
p2pu/learning-circles,42
pandas-dev/pandas,308
paninski-lab/yass,60
pantsbuild/pants,204
paradajz/OpenDeck,90
part-up/part-up,40
pculture/unisubs,98
peachpiecompiler/peachpie,146
percy/percy-web,112
perl6/doc,260
pfalcon/micropython,245
pg-irc/pathways-frontend,349
pharo-project/pharo,768
phenotips/phenotips,59
phetsims/area-model-common,77
phetsims/equality-explorer,215
phetsims/scenery,117
phetsims/scenery-phet,124
phetsims/sun,92
phoenixz/base,242
phoronix-test-suite/phoronix-test-suite,68
photonstorm/phaser,253
pierreguillot/Camomile,44
pingcap/docs-cn,23
pixelhumain/co2,28
pkimes/benchmark-fdr,53
platformio/platformio-core,39
ploeh/ploeh.github.com,1
plumed/plumed2,61
pnpm/pnpm,177
polyaxon/polyaxon,248
polymonster/pmtech,80
postmanlabs/newman,29
powerblo/End-of-a-New-Beginning,63
prebid/Prebid.js,161
predictive-technology-laboratory/sensus,65
prestodb/presto,665
primer/primer,58
prmr/JetUML,123
progmaticltd/homebox,72
project-ncl/pnc,96
projectcalico/calico,49
propublica/facebook-political-ads,57
pscedu/slash2-stable,32
psychopy/psychopy,115
pubkey/rxdb,26
pubpub/pubpub,52
purduesigbots/pros-docs,18
pwcazenave/PyFVCOM,55
pycket/pycket,85
pycroscopy/pycroscopy,171
pyfa-org/Pyfa,89
pymedusa/Medusa,175
pypa/warehouse,91
python/typeshed,77
qemu/skiboot,128
qreal/qreal,41
quasarframework/quasar,185
queryluke/masseffect-5e,39
quintel/etmodel,36
quintel/etsource,106
quodlibet/quodlibet,79
qutebrowser/qutebrowser,272
r-spacex/SpaceX-API,42
rabbitmq/rabbitmq-website,39
radiasoft/sirepo,128
raiguard/ModernGadgets,60
railt/railt,54
rakudo/rakudo,450
ram-on/SkyTube,25
raonix-github/openwrt,97
raster-foundry/raster-foundry,107
ratheesh/dot-files,49
ray-project/ray,196
rdevon/cortex,29
reactioncommerce/reaction,1157
realityforge/replicant,357
realm/SwiftLint,77
reasonml-editor/reasonml-idea-plugin,98
redcanaryco/atomic-red-team,49
redcode/Z,23
redhat-openstack/infrared,108
reflex-frp/reflex-platform,60
regardscitoyens/the-law-factory-parser,74
reicast/reicast-emulator,83
reimagined/resolve,50
rematch/rematch,63
remomueller/slice,83
rentpath/react-ui,61
researchstudio-sat/webofneeds,706
restic/restic,88
rgocervantes/roducks,102
ribamar-santarosa/champselysees,57
riga/law,87
riganti/dotvvm,54
riscv/riscv-openocd,85
rivine/rivine,59
rndusr/stig,158
robolectric/robolectric,196
roelandjansen/UHSDR,55
rook/rook,71
rootsongjc/kubernetes-handbook,9
roundcube/roundcubemail,98
rpnow/rpnow,82
rsiebert/TVHClient,209
rstoneback/pysat,59
rstudio/sparklyr,261
rtfd/readthedocs.org,208
rubberduck-vba/Rubberduck,429
ruby-x/rubyx,125
rubymonsters/diversity_ticketing,153
ruymanengithub/vison,64
salesforce/Argus,93
salopensource/sal,97
samdauwe/BabylonCpp,50
samfun123/KtaneTwitchPlays,120
sampotts/plyr,42
sanity-io/sanity,150
sapcc/elektra,51
sapcc/helm-charts,131
saulpw/visidata,122
scala/scala,621
scalableminds/webknossos,252
scalameta/scalameta,217
scanner-research/scanner,51
scgmlz/BornAgain,421
schollz/croc,24
scikit-hep/uproot,45
scipilot/sysrev-assist,107
scoophealth/oscar,25
scylladb/seastar,186
sdl/Sdl-Community,157
sdl/dxa-modules,109
sdss/marvin,72
seankross/the-unix-workbench,1
secdev/scapy,99
seek4science/seek,125
sendgrid/docs,140
sensebox/sensebox.github.io,12
sensu/sensu-docs,64
sergejey/majordomo,21
servo/webrender,484
severalnines/s9s-tools,36
sg-s/xolotl,42
shentino/kotaka,104
shikimori/neko-achievements,38
shirasagi/shirasagi,71
shogun-toolbox/shogun,92
shopware/shopware,197
siconos/siconos,68
signumsoftware/extensions,52
signumsoftware/framework,51
siimple/siimple,143
silverstripe/silverstripe-admin,51
simonsdave/cloudfeaster-services,150
sinfin/folio,50
sireum/v3,103
sistemasases/moduloases,22
sitespeedio/browsertime,50
sklintyg/common,13
sklintyg/statistik,8
skycocker/chromebrew,51
skylines-project/skylines,89
skyvers/skyve,50
slundberg/shap,37
smallAreaHealthStatisticsUnit/rapidInquiryFacility,196
smartdevicelink/sdl_evolution,129
smartdevicelink/sdl_ios,96
smcameron/space-nerds-in-space,68
smeighan/xLights,89
smithtimmytim/brightlycolored.org,23
smrealms/smr,343
soajs/soajs.dashboard,60
sodash/open-code,15
sofa-framework/sofa,240
sogis/gretljobs,27
sonvister/Binance,48
sozu-proxy/sozu,93
spacewalkproject/spacewalk,51
sparkdesignsystem/spark-design-system,175
spectrecoin/spectre,76
spinnaker/spinnaker.github.io,45
spotify/scio,86
spotify/styx,156
squanchy-dev/squanchy-android,310
squatsandsciencelabs/OpenBarbellApp,46
srp33/WishBuilder,38
stanfordhpccenter/soleil-x,93
stardiviner/emacs.d,102
stephenegriffin/mfcmapi,161
stinsonga/emacs-mirror,578
stoodkev/SteemPlus,8
strapi/strapi,197
streembit/streembitui,29
streetmix/streetmix,247
strongbox/strongbox,177
structr/structr,157
substance/substance,124
substratum/substratum,123
suculent/thinx-device-api,43
supercollider/supercollider,171
supnate/rekit,59
sustrik/libdill,38
swaywm/wlroots,165
switchbrew/libnx,86
symfony/http-kernel,80
systemd/systemd,1064
syuilo/Misskey,698
szymonlesisz/trezor-connect-alpha,90
tboox/xmake,204
teamcapybara/capybara,87
teampheenix/StarCraft-Casting-Tool,45
tech-conferences/confs.tech,31
telefonicaid/iotagent-node-lib,16
telldus/telldus-live-mobile-v3,227
tensorflow/docs,107
tensorflow/minigo,171
tensorflow/models,161
tenstream/tenstream,98
tentone/nunuStudio,142
texta-tk/texta,46
tgstation/tgstation-server,134
thalerjonathan/phd,109
the-it/WS_THEbotIT,34
theblackwidower/KanaQuiz,223
theborg3of5/ahk,205
theonlydude/RandomMetroidSolver,79
thheller/shadow-cljs,63
thommcgrath/Beacon,41
thought-machine/please,76
thunderhoser/GewitterGefahr,83
tinylabproductions/tlplib,64
tmobile/jazz-installer,94
toastkidjp/Yobidashi_kt,152
tobiipro/support-firecloud,58
toggl/toggldesktop,57
tomastrajan/angular-ngrx-material-starter,83
tongueroo/ufo,50
tonyofrancis/Fetch,108
totalgood/nlpia,22
tranquilit/WAPT,103
transcendent-ai-labs/PlasmaML,114
travis-ci/worker,49
trezor/python-trezor,70
tripal/tripal,61
triplea-game/triplea,439
troubling/hummingbird,65
tsuru/tsuru,74
tualatin/tailforwindows,164
tuelsch/bolg,66
tulios/kafkajs,49
tumic0/GPXSee,98
tuomount/Open-Realms-of-Stars,45
tutao/tutanota,79
tutti-ch/react-styleguide,13
tuxbox-neutrino/gui-neutrino,112
twm/yarrharr,50
twosigma/beakerx,95
twschum/mix-mind,69
uias/Tabman,102
uikit/uikit,128
ulaval/modul-components,123
ulfalizer/Kconfiglib,203
unicef/etools-partnership-management,298
unity3d-jp/MeshSync,91
unitystation/unitystation,152
unixorn/awesome-zsh-plugins,33
uw-it-edm/content-services-ui,21
vapor/vapor,71
verejnedigital/verejne.digital,102
veritone/veritone-sdk,102
vertexproject/synapse,125
vespa-engine/vespa,1697
victorbrodsky/order-lab,32
vital-software/vitalizer,28
vnpy/vnpy,4
vortex-exoplanet/VIP,129
voyages-sncf-technologies/hesperides,52
vshaxe/haxe-languageserver,85
vsouza/awesome-ios,34
vteams/open-source-billing,26
vue-gl/vue-gl,56
vxbinaca/archive-env-NG,7
waqasbhatti/astrobase,36
washingtondc-emu/washingtondc,85
wavebox/waveboxapp,66
way-cooler/way-cooler,55
waynestate/base-site,67
wazuh/wazuh-kibana-app,288
wcm-io-qa/wcm-io-qa-galenium,65
web3j/web3j,52
webbestmaster/ae3,92
webdriverio/webdriverio,57
webpack/webpack,313
webrecorder/webrecorder,119
westnordost/StreetComplete,54
whitesource/fs-agent,97
wieslawsoltes/Core2D,95
wikimedia/integration-config,79
wikimedia/mediawiki-extensions-MobileFrontend,209
wikimedia/operations-software-librenms,158
wildfly/wildfly,326
wilkerlucio/pathom,65
wireapp/wire-ios-sync-engine,71
wireapp/wire-webapp,208
wix/wix-style-react,122
wopian/kitsu-season-trends,26
woq-blended/blended,184
wordpress-mobile/AztecEditor-Android,77
wordpress-mobile/WordPress-FluxC-Android,276
wordpress-mobile/WordPress-iOS,915
wrohdewald/Gpxity,146
wso2-extensions/identity-inbound-auth-oauth,88
wso2/carbon-device-mgt,19
wso2/carbon-identity-framework,167
wso2/devstudio-tooling-esb,20
wso2/product-ei,49
wtsi-hgi/hgi-systems,86
wwmm/pulseeffects,361
xbed/Mixly_Arduino,11
xboot/xboot,52
xenodium/dotsies,55
xesscorp/KiCost,60
xieguigang/MassSpectrum-toolkits,89
xing/hops,170
xjdr/xio,44
xodio/xod,176
xoreos/xoreos,54
xorz57/forest,70
xournalpp/xournalpp,108
xwiki-labs/cryptpad,62
yamcs/yamcs,150
yeastgenome/SGDFrontend,13
yegor256/cactoos,48
yiisoft/yii2,82
yonaskolb/XcodeGen,42
yosiakatsuki/ystandard,4
yotamfr/prot2vec,26
zaproxy/zaproxy,102
zeit/next.js,153
zeroDivisible/.emacs.d,54
zeropingheroes/lanager,80
zerothi/sisl,62
zorael/kameloso,323
zstackio/zstack-utility,61
zubairq/yazz,280
zulip/zulip,1332
zurb/foundation-sites,125
